,f1,cm,acc,recall,prec
asset_1,0.791530944625,0.654986522911,0.8,0.883636363636,0.716814159292
asset_2,0.679054054054,0.514066496164,0.703125,0.681355932203,0.676767676768
asset_3,0.655737704918,0.487804878049,0.9015625,0.857142857143,0.530973451327
